org_id,industry,primary_ai_tool,company_size,employee_count,adoption_year,ai_investment_usd,productivity_gain_pct,satisfaction_score,cost_savings_usd,num_ai_tools_used,adoption_rate_pct,training_hours,has_ai_strategy,size_num
1,Retail,Jasper AI,Small (<50),35641,2022,17218,50.874166790033925,6.704381918227092,58131,2,80.8015488904877,70,1,1
2,Logistics,Midjourney,Medium (50-500),43471,2023,61664,39.77407804758196,8.603976369481742,192509,7,54.28589753912259,59,0,2
3,Technology,GitHub Copilot,Enterprise (5000+),26533,2022,85937,42.65679602133349,5.782594889489951,243519,5,88.93064750660223,45,1,4
4,Education,DataRobot,Large (500-5000),31358,2021,8309,29.467608204472445,8.542934929333068,10695,7,69.70809516038915,75,1,3
5,Finance,Jasper AI,Large (500-5000),1187,2022,186930,59.51512010082187,7.4488923623417245,253236,1,84.61465174986657,57,1,3
6,Finance,ChatGPT,Large (500-5000),4770,2024,6135,36.86107474005664,6.770374256235907,14004,7,58.411763618159526,44,1,3
7,Healthcare,Google Bard,Large (500-5000),32789,2023,58150,57.77174136124635,3.2391768274033694,86394,4,45.82455591094506,90,1,3
8,Marketing,DataRobot,Large (500-5000),21646,2023,31773,60.493712433021734,6.718434836291674,109548,6,88.12012387493189,35,1,3
9,Education,Google Bard,Small (<50),16363,2019,23545,18.3921355049921,7.420179528919715,34857,7,54.50430118430606,31,0,1
10,Technology,Tableau AI,Medium (50-500),11566,2024,467988,30.98852461019561,8.343064152829875,1062296,2,63.58656145481673,72,0,2
11,Healthcare,Jasper AI,Small (<50),27608,2023,15344,29.628704552821958,9.4414246986486,30287,1,79.9880974171425,71,0,1
12,Logistics,GitHub Copilot,Enterprise (5000+),11573,2022,15050,35.049246157226094,10.0,39649,3,50.208713147311485,56,0,4
13,Marketing,Google Bard,Enterprise (5000+),46829,2024,108855,41.39731341409758,8.969401014684475,153451,2,76.83782139490638,68,1,4
14,Finance,DataRobot,Small (<50),43800,2022,54949,38.466714440240764,6.256864512043708,117192,1,54.44966507537641,14,1,1
15,Finance,ChatGPT,Large (500-5000),8244,2023,102592,48.79807282891314,6.642793865723391,180489,5,68.378573791489,4,0,3
16,Finance,ChatGPT,Enterprise (5000+),25529,2023,25342,53.43042215994228,8.208373206565524,81869,3,69.96396311235725,27,1,4
17,Retail,GitHub Copilot,Small (<50),26976,2022,32219,42.596868094973786,7.879421689771702,38579,5,32.81327068391598,58,0,1
18,Manufacturing,DataRobot,Medium (50-500),16183,2024,215587,29.92564713256694,9.542518939087042,709916,6,50.23332849869607,25,0,2
19,Manufacturing,Azure OpenAI,Enterprise (5000+),26997,2024,8077,35.013646793089144,10.0,25032,1,98.89256962775694,54,0,4
20,Finance,ChatGPT,Small (<50),13188,2023,19468,38.901962306021275,10.0,35318,5,72.49562631454609,71,1,1
21,Education,Midjourney,Large (500-5000),39348,2021,57406,42.63351645805517,9.340907299697516,171890,6,69.14880796005706,44,0,3
22,Healthcare,GitHub Copilot,Small (<50),24606,2020,17412,35.42796249392047,7.891853973414346,20457,1,61.732506340611266,61,1,1
23,Finance,Azure OpenAI,Enterprise (5000+),33184,2022,11112,23.799558790383465,9.123987594418766,38008,1,61.69604768603792,59,1,4
24,Retail,DataRobot,Enterprise (5000+),41984,2024,46266,49.459231679195085,9.592161520592594,109364,5,97.59091062284718,50,1,4
25,Manufacturing,DataRobot,Enterprise (5000+),4441,2022,109421,34.76674164347182,6.879049404117472,200007,1,71.26592887207232,43,0,4
26,Technology,GitHub Copilot,Medium (50-500),27774,2023,18601,35.01540534263246,6.301008541236861,36647,2,74.93688457901932,77,0,2
27,Finance,GitHub Copilot,Enterprise (5000+),21637,2024,17992,40.65827827931205,5.9488684998924874,22658,1,88.02936679928654,67,0,4
28,Manufacturing,ChatGPT,Large (500-5000),39320,2020,10125,33.8666216784008,5.785422899832045,35178,4,55.10407232801605,12,1,3
29,Education,ChatGPT,Small (<50),8916,2023,15441,37.209309683313506,5.027007016110214,18441,6,85.8288015895635,99,0,1
30,Healthcare,DataRobot,Large (500-5000),36924,2020,80848,21.4690125440968,7.474852563676591,216007,1,41.80177075619131,91,1,3
31,Education,DataRobot,Small (<50),44824,2024,24276,39.465838786433906,5.600370798367802,52498,4,83.92208970633664,19,1,1
32,Finance,Azure OpenAI,Medium (50-500),45389,2023,8383,42.90506744333399,5.9247167237969265,28312,1,52.503530161768765,86,1,2
33,Healthcare,Azure OpenAI,Small (<50),13086,2021,30176,38.492009761659716,8.15188333876509,51009,1,52.303798069645474,53,1,1
34,Logistics,Midjourney,Small (<50),49302,2022,77763,41.26372074936314,7.372413599380264,184843,5,25.216709055711284,47,0,1
35,Logistics,Tableau AI,Small (<50),37660,2023,11223,28.0481174699379,7.744437410950511,25337,2,48.890451287586465,45,0,1
36,Technology,Google Bard,Large (500-5000),46891,2024,4472,22.758512029810436,9.147723142838121,12462,6,50.260645473256346,23,0,3
37,Retail,DataRobot,Small (<50),46423,2024,305281,33.21295765592772,8.396794862811193,385638,2,51.14304963805124,54,1,1
38,Healthcare,ChatGPT,Large (500-5000),6022,2023,4212,31.80670410044346,9.378329872178995,6592,3,66.32713523953623,60,0,3
39,Technology,GitHub Copilot,Small (<50),7161,2020,14316,35.061141964846755,7.219964742167106,23119,5,81.0966119794949,95,0,1
40,Manufacturing,ChatGPT,Small (<50),28221,2021,29101,39.715148212847865,9.517685886968593,83565,5,63.98434021357729,31,1,1
41,Healthcare,Azure OpenAI,Medium (50-500),27127,2020,15884,32.702318053483374,7.639605146536189,24682,2,64.88748963019955,9,0,2
42,Manufacturing,Jasper AI,Large (500-5000),36388,2023,20132,23.20493218914529,7.353059391642804,49854,7,51.37078054139489,99,1,3
43,Healthcare,ChatGPT,Small (<50),42662,2024,44011,28.609696373229948,9.292289309414755,71147,5,41.33095768033286,58,1,1
44,Marketing,Jasper AI,Medium (50-500),6904,2023,1248,46.11683954301506,5.791769481210057,3953,2,98.10830582938033,74,0,2
45,Finance,Jasper AI,Enterprise (5000+),13477,2021,4816,44.08794361365821,10.0,16187,5,62.487584023926885,21,0,4
46,Technology,GitHub Copilot,Medium (50-500),31020,2023,23227,48.74149972621685,6.676849969944071,54452,1,94.18181256922252,26,0,2
47,Retail,ChatGPT,Small (<50),49267,2024,13560,39.76519423957666,5.2728380426760175,26381,2,50.136421980650454,20,1,1
48,Manufacturing,Jasper AI,Small (<50),42651,2024,25726,34.76204729300561,8.080252928083793,42749,2,56.286546351053694,6,1,1
49,Manufacturing,Midjourney,Enterprise (5000+),12299,2024,28945,46.184361932310416,6.5340177348226085,35297,4,94.23480628479415,76,1,4
50,Finance,Tableau AI,Small (<50),44986,2022,1738,39.784647748712736,10.0,3031,5,81.38669553796737,80,1,1
51,Logistics,Midjourney,Enterprise (5000+),43606,2021,101556,39.517575556172815,6.450648771822279,271171,5,69.24409451980293,73,1,4
52,Technology,DataRobot,Medium (50-500),23181,2024,12113,27.34994736410607,7.571673376027943,28837,2,58.28809828510313,84,0,2
53,Logistics,Midjourney,Enterprise (5000+),34915,2023,7796,39.25110971453333,4.961610026782845,26238,1,72.08240051284113,88,0,4
54,Marketing,Midjourney,Large (500-5000),20839,2022,28283,42.87460758431429,8.319371367346207,58010,1,73.91963494533451,28,1,3
55,Education,DataRobot,Enterprise (5000+),34064,2024,25049,44.373892321896214,5.933914886211642,69267,6,86.4174612499942,41,0,4
56,Logistics,GitHub Copilot,Medium (50-500),48488,2024,92598,24.445529558111666,8.139987035498901,210602,1,62.13813212469766,97,0,2
57,Healthcare,ChatGPT,Large (500-5000),44149,2023,30523,41.069655240077445,6.457482140441207,71124,5,80.7136498402908,27,1,3
58,Finance,ChatGPT,Medium (50-500),48723,2023,88409,27.68378179147291,4.0295979699158,154066,7,94.15118377408031,28,1,2
59,Healthcare,Tableau AI,Medium (50-500),29744,2022,7145,40.100517414222175,7.296785135515825,15660,4,69.09167301891276,63,1,2
60,Retail,Jasper AI,Medium (50-500),7062,2023,26114,31.765041336032674,7.229642775617653,58231,2,71.85608834706544,84,1,2
61,Retail,Tableau AI,Enterprise (5000+),3664,2023,5780,51.54730484570286,8.421607360433919,16160,3,43.27250280298943,51,0,4
62,Finance,ChatGPT,Enterprise (5000+),23496,2024,24765,32.35621394506995,9.434000857758805,83149,4,21.091871014073675,43,1,4
63,Marketing,ChatGPT,Large (500-5000),18753,2024,19203,46.76871785265418,9.968614114875198,36300,7,71.71385102943299,30,0,3
64,Retail,ChatGPT,Medium (50-500),48378,2024,18237,57.86226756944505,8.39623132020633,21907,3,58.356941328015004,40,0,2
65,Finance,GitHub Copilot,Medium (50-500),24499,2019,18430,27.763484159371327,7.517928788098877,42225,4,52.916681801723584,61,1,2
66,Manufacturing,Midjourney,Large (500-5000),8646,2024,53298,43.619456585613534,4.9589996157268015,128272,1,75.08471651036278,42,0,3
67,Finance,GitHub Copilot,Small (<50),6451,2024,3200,24.465507007376154,7.40303140548501,4813,5,55.49744733136412,34,1,1
68,Technology,GitHub Copilot,Small (<50),24621,2023,7481,43.428790851668865,7.422410254908399,21882,7,79.86547179446448,84,0,1
69,Healthcare,Google Bard,Medium (50-500),42445,2024,20979,55.04408180327094,6.8020396105159575,72667,3,62.57992759177937,84,1,2
70,Logistics,GitHub Copilot,Small (<50),12159,2024,5354,28.437335917320507,8.049451475901213,18042,7,44.77445374492267,98,1,1
71,Technology,Midjourney,Small (<50),34576,2023,23279,29.98438716685076,8.782858566473202,36619,4,72.29286866531145,17,1,1
72,Finance,Tableau AI,Small (<50),42378,2023,20722,35.25276155933918,5.872394104206974,66328,5,54.43002596349875,24,1,1
73,Healthcare,GitHub Copilot,Small (<50),21685,2021,4086,58.64265450588585,5.849023468700799,11403,7,67.89654416668664,8,0,1
74,Marketing,Jasper AI,Small (<50),5505,2022,3851,43.51450986762805,6.891061982335056,8430,3,52.027471120636676,27,1,1
75,Technology,DataRobot,Enterprise (5000+),42678,2023,945,27.94679729956173,6.177156213938115,2265,2,59.97295880081226,97,1,4
76,Technology,Google Bard,Medium (50-500),13683,2024,5090,51.68858359009065,4.638120196460205,15977,4,60.919851768486396,13,0,2
77,Technology,ChatGPT,Medium (50-500),11140,2022,22408,21.421896624055677,5.605110895515573,50470,2,66.48351031591696,73,1,2
78,Healthcare,Google Bard,Large (500-5000),22678,2021,26567,60.8057606516176,5.251518279443839,53019,1,76.26779575726898,6,1,3
79,Retail,Midjourney,Small (<50),15232,2023,28065,44.77844034894515,8.912675762027229,64094,2,54.75955699195709,93,0,1
80,Healthcare,ChatGPT,Enterprise (5000+),23679,2019,8660,51.3232709248638,9.654240509013917,21562,2,37.91797683197743,70,1,4
81,Marketing,GitHub Copilot,Large (500-5000),34078,2021,21547,20.170538579221,5.45684981405812,33479,6,57.65679775374234,50,0,3
82,Education,Azure OpenAI,Small (<50),23263,2019,35478,40.785739222772094,7.919110269705667,115735,4,73.94213942783486,27,1,1
83,Retail,Midjourney,Medium (50-500),9445,2021,4809,35.52221011655432,8.410274636704626,13071,1,59.07399588140983,6,0,2
84,Healthcare,GitHub Copilot,Enterprise (5000+),28562,2021,25539,27.128867017638807,4.861596820010204,66908,2,61.32441168070147,23,1,4
85,Retail,Jasper AI,Enterprise (5000+),37394,2022,48425,28.11053798662637,7.341468420768499,64830,5,87.1384945942686,80,1,4
86,Retail,ChatGPT,Medium (50-500),16403,2023,12222,40.48375873731479,10.0,31166,3,49.41964099812862,14,1,2
87,Technology,ChatGPT,Medium (50-500),10627,2024,78801,39.37702516444284,8.115720299536445,109557,2,35.99805388871064,29,1,2
88,Education,ChatGPT,Small (<50),38530,2023,12570,49.953026397205896,6.732049188001204,16201,1,59.68857286632248,34,1,1
89,Marketing,ChatGPT,Enterprise (5000+),9862,2024,7847,31.961236431791548,6.259720212172686,18562,2,59.969646433732386,24,1,4
90,Manufacturing,ChatGPT,Small (<50),31411,2020,42967,32.600954004040084,4.066307622918657,88799,3,40.1136807039879,98,0,1
91,Healthcare,ChatGPT,Enterprise (5000+),6305,2022,252698,24.12123856982167,7.805710484175098,635066,1,66.30558546188392,19,1,4
92,Technology,Jasper AI,Medium (50-500),36003,2024,24402,53.82423595196676,10.0,32067,4,69.44251888012847,31,1,2
93,Technology,ChatGPT,Medium (50-500),34094,2020,47187,37.96416783853881,5.879684368403119,100714,1,61.791246406442525,27,1,2
94,Education,GitHub Copilot,Medium (50-500),45115,2023,11962,45.85159491144849,4.196622980724408,18176,4,70.8380659683162,17,1,2
95,Technology,Google Bard,Small (<50),39585,2023,4964,48.8510287741878,6.103663727970163,17220,1,88.47983208718458,78,1,1
96,Manufacturing,GitHub Copilot,Small (<50),36461,2023,26890,50.707815124633164,8.422399618967312,65793,7,54.11162367742256,40,1,1
97,Manufacturing,Jasper AI,Small (<50),7237,2019,32509,28.52169063735782,6.457249992766871,89394,3,58.90456873354904,34,1,1
98,Retail,ChatGPT,Small (<50),31920,2022,14335,42.19838782605513,5.869297860630367,26964,3,48.15014548388896,27,0,1
99,Healthcare,ChatGPT,Large (500-5000),36051,2023,46970,35.36647150811666,7.128732372586788,62346,1,50.77705714138053,49,1,3
100,Healthcare,ChatGPT,Medium (50-500),23394,2021,10047,57.681206851989664,7.4445511207517825,34582,7,57.49624125722234,66,1,2
101,Healthcare,ChatGPT,Small (<50),155,2023,7461,27.090049029792564,5.017414788842458,13332,2,49.55793879835154,39,1,1
102,Education,ChatGPT,Enterprise (5000+),37788,2024,78650,50.34428856796305,6.774074454594764,166513,3,70.8668339354955,3,1,4
103,Retail,ChatGPT,Enterprise (5000+),16045,2024,79095,46.50341779228397,6.354098579116492,210366,4,100.0,7,0,4
104,Manufacturing,ChatGPT,Enterprise (5000+),3050,2021,10288,39.71055697797145,6.138643476127876,11926,4,58.21330690607492,47,1,4
105,Marketing,ChatGPT,Enterprise (5000+),42432,2024,173272,38.34151582041861,5.5744449959128275,527547,5,65.3420570662914,51,1,4
106,Finance,GitHub Copilot,Small (<50),26170,2023,15606,50.31518122889977,8.511886782192196,37263,6,58.99015333687929,39,0,1
107,Retail,ChatGPT,Medium (50-500),49644,2022,24385,41.232580449866106,6.133419606802958,43105,7,70.62708959417841,89,1,2
108,Technology,GitHub Copilot,Large (500-5000),17643,2021,19898,24.0404506299457,4.107582071280072,24829,6,75.23069340770313,19,0,3
109,Finance,Midjourney,Large (500-5000),29354,2024,41295,53.469278281450656,7.4964467329631495,61529,6,88.49495062885471,28,0,3
110,Healthcare,Jasper AI,Small (<50),17024,2022,30506,41.06346948108423,8.187799209009777,99085,4,18.009674398446727,42,0,1
111,Finance,ChatGPT,Large (500-5000),15006,2022,30018,36.74225949433827,5.905975902176183,82443,5,19.13921768139864,73,1,3
112,Finance,Tableau AI,Small (<50),49114,2020,6480,23.819166113275003,6.26050596532405,11014,6,47.359349405003115,93,1,1
113,Logistics,Jasper AI,Small (<50),41631,2024,2903,29.268388276435495,6.126419419357441,3650,6,73.33027919099132,75,1,1
114,Technology,ChatGPT,Medium (50-500),11705,2024,86733,14.324641077002394,6.580019957854834,239164,1,33.99379952908989,18,1,2
115,Education,DataRobot,Medium (50-500),2862,2024,11446,34.53248118402828,8.760275273284734,28314,1,12.861216348200973,63,1,2
116,Marketing,Google Bard,Medium (50-500),16024,2022,20767,25.5480415865501,6.928911241441465,43005,1,73.62353378862531,30,0,2
117,Technology,ChatGPT,Small (<50),27052,2021,32602,20.348213084174894,8.359390318500807,64312,2,63.57148008531027,59,0,1
118,Finance,ChatGPT,Enterprise (5000+),33765,2023,155563,48.0389294957767,5.64675255267987,252067,6,48.59358868517508,71,1,4
119,Marketing,DataRobot,Small (<50),40400,2023,26732,41.78523034269602,6.5244643706285235,72365,2,40.68956465378362,79,0,1
120,Manufacturing,Tableau AI,Small (<50),23721,2021,13714,30.226124307804522,8.53102072377096,47033,5,37.052273040758614,23,1,1
121,Technology,ChatGPT,Enterprise (5000+),26132,2023,11751,38.221432563417196,5.891591902360611,17881,7,77.07932263992767,7,1,4
122,Marketing,ChatGPT,Enterprise (5000+),9170,2024,21060,12.748874951662357,8.618204691362795,53346,4,58.81544681001187,27,1,4
123,Retail,GitHub Copilot,Enterprise (5000+),27223,2024,7396,48.93142301825644,6.157423863507292,15665,6,78.42649218442827,40,1,4
124,Healthcare,Midjourney,Large (500-5000),39430,2024,22803,24.337708502912996,6.61750622741237,49529,4,21.76682098533225,13,0,3
125,Finance,Jasper AI,Large (500-5000),7431,2024,20693,38.4803976553892,9.605243881023387,35384,7,47.84992682705193,100,0,3
126,Retail,GitHub Copilot,Medium (50-500),21410,2021,157918,9.017517486310938,6.446271534250652,486438,1,39.354267361505194,15,1,2
127,Marketing,GitHub Copilot,Small (<50),33547,2023,19923,45.44026134381887,7.318018704125952,45117,6,51.09720681468944,23,1,1
128,Marketing,Tableau AI,Medium (50-500),17737,2024,2187,28.438281236454614,8.024654633782603,5257,3,53.111526202079055,52,1,2
129,Healthcare,ChatGPT,Medium (50-500),46892,2021,544821,26.03798980116194,7.4397629745080165,997799,2,78.65608292703659,24,0,2
130,Manufacturing,ChatGPT,Small (<50),4368,2024,69438,28.766628332287198,7.482580023334364,106680,2,27.750964514472464,49,1,1
131,Retail,Tableau AI,Large (500-5000),28492,2023,268020,33.36627269961092,7.015190384027398,350083,6,75.53483252643844,72,1,3
132,Finance,Google Bard,Medium (50-500),32127,2023,5492,48.687939867379924,5.146641186475515,15453,7,66.30175825520841,51,1,2
133,Healthcare,Midjourney,Small (<50),23174,2023,16878,37.932927870206996,7.622433995149637,26514,1,94.24586062548843,90,0,1
134,Retail,Midjourney,Small (<50),31920,2024,49477,48.92469338652379,6.001297314482518,136367,2,48.656820802600755,14,1,1
135,Logistics,ChatGPT,Large (500-5000),32506,2024,41926,41.96357757264258,8.263650826104765,85399,1,71.08100943167898,86,1,3
136,Retail,GitHub Copilot,Small (<50),44321,2020,31835,40.644351874491115,9.158092135924528,66785,5,24.671153349115798,11,0,1
137,Manufacturing,Midjourney,Enterprise (5000+),29381,2024,1572,31.761107364212386,4.391664107874476,3499,4,25.21847930994165,56,1,4
138,Technology,ChatGPT,Medium (50-500),38477,2022,2821,53.209516813580976,9.160711741140656,5592,7,83.25951326788095,10,1,2
139,Retail,ChatGPT,Medium (50-500),17635,2022,136083,26.277781101479704,6.483413312199435,182553,3,65.42680669537643,80,1,2
140,Logistics,GitHub Copilot,Medium (50-500),33903,2023,168450,41.77866702774983,6.90357616672329,310472,4,84.28281635204374,53,1,2
141,Logistics,ChatGPT,Large (500-5000),10803,2023,19380,30.985410994086678,5.731418821231415,52189,4,46.33179525600552,3,0,3
142,Finance,GitHub Copilot,Small (<50),31017,2023,116834,51.53938253741626,7.382701593599415,315204,5,63.82065161562092,26,1,1
143,Manufacturing,ChatGPT,Large (500-5000),25776,2024,6451,57.487334906963746,7.200222324766108,11527,2,96.64660573579658,14,1,3
144,Retail,GitHub Copilot,Medium (50-500),39542,2024,8490,37.60733225544819,8.715384237939276,18714,3,64.02079775384672,99,1,2
145,Finance,ChatGPT,Small (<50),12333,2023,5867,24.3669225110823,5.987910085054613,9177,2,61.88022348026902,52,1,1
146,Healthcare,Google Bard,Enterprise (5000+),45809,2020,7943,43.01683892315956,9.591203602906862,12747,6,71.63910503495255,59,1,4
147,Education,Midjourney,Large (500-5000),46830,2024,52430,17.20880907549192,8.097071129463334,60573,4,39.03270950553058,35,0,3
148,Manufacturing,Jasper AI,Large (500-5000),45418,2024,7825,58.038678774226,7.236453465163113,25448,6,91.8483385759659,36,1,3
149,Healthcare,Tableau AI,Enterprise (5000+),7853,2024,323738,31.6340080921862,6.828823454156763,519824,1,55.77139199031057,4,1,4
150,Finance,Midjourney,Enterprise (5000+),14220,2019,38257,40.0678227922355,6.640145829299224,62974,4,82.49016284273637,60,0,4
151,Marketing,ChatGPT,Large (500-5000),16466,2020,80937,27.128128997397624,6.737984338390243,143342,2,39.58426503643443,71,1,3
152,Finance,Midjourney,Large (500-5000),31377,2022,39653,26.177517465480488,7.35260293540321,55743,4,47.968888883257954,49,1,3
153,Finance,Midjourney,Large (500-5000),10116,2021,94572,48.445906163455035,6.786500058959401,249124,1,87.15328665323008,65,1,3
154,Manufacturing,Tableau AI,Large (500-5000),37967,2023,7772,35.66628793575961,6.1392058152387685,9950,5,61.6830313751522,20,0,3
155,Logistics,GitHub Copilot,Medium (50-500),2482,2024,125031,41.26417481658373,7.3616889422550535,177804,6,85.59566284901322,68,1,2
156,Finance,ChatGPT,Large (500-5000),49869,2023,26085,27.621070964705495,5.845567821911919,69057,6,64.3998783792926,83,0,3
157,Technology,GitHub Copilot,Small (<50),6714,2019,94006,40.677932452370555,7.58370035150262,180038,2,27.448934782667713,74,1,1
158,Technology,GitHub Copilot,Enterprise (5000+),3723,2022,3914,50.67747199345948,6.765399446778887,10955,4,87.33049761393872,77,1,4
159,Finance,Jasper AI,Enterprise (5000+),5061,2020,27356,34.584812882363394,8.145096363847765,66688,2,57.8273183410611,6,1,4
160,Technology,Midjourney,Small (<50),10766,2019,26220,51.41850405009788,8.583611316043214,44952,5,71.59521811186005,68,1,1
161,Retail,GitHub Copilot,Large (500-5000),2485,2022,10476,36.387636908253356,8.583020840517108,27886,4,62.85918966999054,12,1,3
162,Education,Azure OpenAI,Small (<50),36388,2022,32072,40.99875607559669,7.577157584078939,44229,4,34.67467408472322,95,1,1
163,Education,Jasper AI,Small (<50),4265,2024,139738,20.97194224942625,7.752246831150267,333608,2,61.34145371818149,69,1,1
164,Manufacturing,ChatGPT,Large (500-5000),14494,2024,9553,46.53430866486413,6.615873460822346,20530,2,100.0,70,1,3
165,Healthcare,ChatGPT,Small (<50),34513,2022,69858,35.22930950272647,8.11645953272502,121755,1,66.29416119197214,2,1,1
166,Marketing,ChatGPT,Large (500-5000),8268,2023,5693,39.21431713165225,8.285752040992584,14514,7,64.39395248068192,92,1,3
167,Retail,ChatGPT,Large (500-5000),40757,2024,276878,41.71636718785485,4.749006269713208,883573,7,84.06362087531062,93,1,3
168,Finance,ChatGPT,Medium (50-500),35206,2022,56473,39.67008134708013,7.667520793410895,197507,5,69.42055416873522,64,1,2
169,Healthcare,ChatGPT,Small (<50),45123,2021,174580,43.25350569453726,9.1521947115633,446685,7,60.643322672744866,30,1,1
170,Education,GitHub Copilot,Small (<50),40204,2024,49339,28.540943663697462,6.565564558092823,102195,1,41.28453319838168,83,0,1
171,Technology,ChatGPT,Medium (50-500),8543,2020,35197,43.60007868603717,6.238179535799181,57740,6,66.0619072712049,13,0,2
172,Healthcare,Google Bard,Enterprise (5000+),32591,2023,57040,52.88176257055359,6.470204808370521,97939,4,83.71009159583014,78,1,4
173,Manufacturing,ChatGPT,Medium (50-500),5259,2023,18699,20.834580809022793,4.84268601075631,42085,2,46.239939058840164,42,1,2
174,Finance,Midjourney,Small (<50),19211,2022,3160,32.36013903861022,7.288975931673366,6261,4,81.10360013935652,3,1,1
175,Education,GitHub Copilot,Medium (50-500),9696,2022,37679,29.832295705453348,7.144948160145876,124082,4,61.450999736434746,38,1,2
176,Finance,Azure OpenAI,Medium (50-500),46887,2024,8896,23.596880843282825,7.395540249315951,17648,3,43.448925585282794,46,0,2
177,Technology,ChatGPT,Large (500-5000),32017,2020,5872,36.41331770663565,7.7239649318267025,11722,6,87.73530268670825,81,1,3
178,Retail,GitHub Copilot,Small (<50),671,2022,47266,46.36585658034622,5.903009896727784,95500,3,53.56447617565207,49,1,1
179,Logistics,Azure OpenAI,Large (500-5000),44853,2024,15757,54.49664124369534,7.509798798533065,48970,7,80.13847999047373,25,1,3
180,Healthcare,DataRobot,Medium (50-500),30147,2023,75602,38.019152852371384,7.764797989873594,201244,4,59.71602103270908,100,1,2
181,Retail,DataRobot,Enterprise (5000+),47566,2021,8546,35.679867424321394,6.367412403774452,21997,2,72.81485021868932,23,0,4
182,Healthcare,ChatGPT,Small (<50),42838,2024,12519,46.20280780421285,7.730176997377959,23810,4,67.82378742270829,12,0,1
183,Logistics,ChatGPT,Medium (50-500),48614,2023,87584,14.248696978174035,7.221059939580112,268267,6,65.92254613797223,59,1,2
184,Marketing,Jasper AI,Enterprise (5000+),10536,2024,30816,21.91199314449827,6.153215345834929,36734,3,29.75851910353232,47,1,4
185,Finance,Google Bard,Small (<50),3384,2024,3741,10.297615444080158,7.524183044725515,11933,2,36.759463407195405,30,1,1
186,Education,Midjourney,Enterprise (5000+),25602,2023,30010,30.2246642743892,6.66393388497017,69941,4,85.8777429862908,36,0,4
187,Marketing,Midjourney,Large (500-5000),28992,2023,130285,30.071231794792354,8.14559791102158,267839,5,64.94271375874904,16,0,3
188,Education,ChatGPT,Small (<50),217,2024,12403,50.05742816538183,6.741250429896443,28442,6,48.537395906700326,61,1,1
189,Manufacturing,Tableau AI,Small (<50),35443,2021,45146,5.880800334668067,5.165351627352409,121975,6,36.609466641519745,96,1,1
190,Finance,ChatGPT,Large (500-5000),23207,2024,7948,30.691843458140056,7.500480478291476,8986,5,45.72579640322266,43,1,3
191,Healthcare,GitHub Copilot,Small (<50),33410,2021,18692,37.56113986879999,7.444104871747151,59659,4,22.436500980126123,44,0,1
192,Marketing,GitHub Copilot,Medium (50-500),3093,2022,81454,41.816643041635395,5.478294330803507,176932,6,64.72890939296308,81,1,2
193,Marketing,Midjourney,Small (<50),29338,2022,28654,50.005421214059844,8.225804173152959,55105,2,49.25359919140605,75,0,1
194,Education,ChatGPT,Medium (50-500),46489,2024,103478,36.42371058654568,8.147331254203218,148158,4,45.42130533719863,50,0,2
195,Retail,ChatGPT,Small (<50),42901,2024,36693,40.137973557987145,5.795029711287636,79063,4,55.96794502117132,65,1,1
196,Retail,Jasper AI,Enterprise (5000+),20113,2021,315681,20.962698256755147,6.110560548410133,723280,3,75.65177716520435,33,0,4
197,Technology,GitHub Copilot,Enterprise (5000+),39901,2019,3368,33.11731141823191,6.886988580455709,6967,6,100.0,65,0,4
198,Marketing,Midjourney,Enterprise (5000+),10764,2024,16972,16.497414243096785,5.961721803443543,46312,6,42.16307785051346,3,1,4
199,Marketing,ChatGPT,Large (500-5000),34457,2023,5994,47.246459523487346,8.060595777367515,12648,5,90.13585629564234,25,1,3
200,Technology,Midjourney,Small (<50),15911,2020,6506,42.86442901023163,7.323457923990815,22168,3,75.8501632843945,88,1,1
201,Education,Midjourney,Large (500-5000),33014,2023,6577,38.474431395296506,5.459664281167646,16694,7,48.927011483075695,67,1,3
202,Healthcare,ChatGPT,Small (<50),7456,2023,26937,29.38007717467844,5.866293630726064,81833,3,67.9627550617279,39,0,1
203,Finance,GitHub Copilot,Small (<50),37221,2024,28898,26.028876769637108,8.881578765749602,39372,6,51.72249708535841,32,0,1
204,Marketing,ChatGPT,Small (<50),48241,2022,36788,38.81270395986384,9.403343566873122,75544,4,58.121564245997796,27,1,1
205,Education,ChatGPT,Medium (50-500),29311,2023,5723,34.63196119122257,7.908093464078762,10921,3,88.83881145955945,30,1,2
206,Healthcare,Azure OpenAI,Large (500-5000),26126,2023,14927,29.53099006205496,6.783087117274529,36821,5,78.23357133584888,68,1,3
207,Healthcare,GitHub Copilot,Large (500-5000),41333,2024,6924,35.106415337133434,6.440055631390135,21926,3,81.2687269980941,79,0,3
208,Technology,DataRobot,Medium (50-500),18762,2023,67714,29.18209386955289,7.924549127466507,87216,5,51.93009486603982,26,1,2
209,Healthcare,ChatGPT,Small (<50),32386,2023,7751,24.615035582129938,7.213880801389229,9876,7,35.21510218942981,49,0,1
210,Finance,Jasper AI,Enterprise (5000+),16679,2022,17043,26.45922655610243,4.684892828878435,53528,3,71.44603149118969,66,1,4
211,Manufacturing,Tableau AI,Medium (50-500),32926,2024,43146,44.91184526423808,8.647801973802245,69501,5,82.83298387232675,54,1,2
212,Technology,Midjourney,Medium (50-500),13405,2023,10522,48.76226005349142,9.118704901044303,28462,3,34.67843772480564,68,1,2
213,Education,GitHub Copilot,Small (<50),20431,2021,50647,33.14487753841819,8.205878799414796,121700,7,36.89946363069818,91,1,1
214,Finance,GitHub Copilot,Large (500-5000),26352,2023,149536,40.52370674404512,5.462583208057687,463403,3,68.6624358289723,19,1,3
215,Technology,GitHub Copilot,Large (500-5000),4905,2022,27657,40.73874511847511,6.14476032541499,38725,2,49.16644394972049,10,1,3
216,Finance,Google Bard,Small (<50),11033,2020,64986,38.672686763857214,4.313420207963433,91726,5,46.71352794617328,39,1,1
217,Retail,DataRobot,Small (<50),10709,2024,1829,27.727743108123327,9.494072737093333,4456,7,54.645775941954156,88,0,1
218,Technology,Azure OpenAI,Large (500-5000),9725,2023,13162,51.2246518906327,6.564892155111457,44373,5,40.174598530712366,22,1,3
219,Education,ChatGPT,Large (500-5000),19179,2024,27498,26.961469599534496,10.0,57635,5,43.563831575427386,66,0,3
220,Marketing,Tableau AI,Small (<50),16173,2022,6225,45.22057887125551,10.0,11732,1,71.59796816434283,22,1,1
221,Education,Google Bard,Enterprise (5000+),5792,2024,28259,40.5541065498914,5.744860375446584,72231,7,48.34795650974857,28,1,4
222,Education,ChatGPT,Small (<50),22651,2021,78584,13.063567774975828,6.03759839089548,261926,3,30.986554642148047,71,1,1
223,Healthcare,ChatGPT,Medium (50-500),18802,2022,2308,32.01346542475022,7.79928551352068,7174,5,50.67953062586277,45,1,2
224,Retail,Tableau AI,Enterprise (5000+),49502,2024,5287,41.24870281974705,4.468186844200594,18447,6,84.54945534416902,29,0,4
225,Finance,Midjourney,Medium (50-500),35595,2024,27495,38.93177339640977,6.442611323932157,31733,1,64.00174188111274,46,1,2
226,Finance,DataRobot,Medium (50-500),30692,2023,38273,39.381616620288625,6.292761498189907,52466,2,55.7827431008064,18,1,2
227,Logistics,ChatGPT,Medium (50-500),47874,2022,53406,44.97838169144051,9.876748912920062,136864,5,62.67835308027168,41,1,2
228,Retail,Tableau AI,Small (<50),18890,2024,25161,31.83634727087796,7.341526828256683,77228,5,26.076672757238278,4,0,1
229,Marketing,ChatGPT,Enterprise (5000+),38077,2023,38323,43.45544738441705,6.6728495336942055,68390,1,79.39514469491739,77,1,4
230,Education,ChatGPT,Medium (50-500),42695,2024,65132,38.772261699889796,6.152772900972048,109037,3,74.81205045075751,77,1,2
231,Technology,ChatGPT,Enterprise (5000+),18083,2024,13395,27.289045233107025,8.44107439598719,40034,6,63.08254533769842,67,0,4
232,Manufacturing,DataRobot,Small (<50),36045,2019,10611,39.88110314051275,6.354933764104387,13107,2,77.04725817877338,47,0,1
233,Education,Jasper AI,Small (<50),37184,2021,17993,41.07961786843615,7.02457553845625,35743,5,37.2581295060364,87,1,1
234,Manufacturing,Midjourney,Small (<50),24847,2023,27983,51.47778061738717,6.141314716292053,64751,3,82.59931195089014,88,1,1
235,Finance,GitHub Copilot,Large (500-5000),17836,2021,9997,44.72221623718432,4.823694301976908,24441,7,75.66039774494854,31,1,3
236,Technology,DataRobot,Medium (50-500),24991,2022,13732,50.087587139066045,5.605947308446003,39118,6,58.29389253048704,70,1,2
237,Finance,GitHub Copilot,Enterprise (5000+),10392,2024,35498,42.82223646529881,6.347042438952959,69278,7,70.89059327472667,10,1,4
238,Healthcare,DataRobot,Medium (50-500),4447,2023,26616,45.81573562392724,6.705117754604556,68414,6,61.17958271492576,86,1,2
239,Education,GitHub Copilot,Enterprise (5000+),5445,2024,17634,50.24573725817211,6.770864111114739,44171,2,85.81217176916168,12,0,4
240,Finance,GitHub Copilot,Small (<50),24829,2023,2726,32.044778835919075,6.966620449221857,6581,4,41.85522829837621,70,0,1
241,Logistics,GitHub Copilot,Enterprise (5000+),36885,2023,21933,43.911607267179,6.366968554773486,57840,6,57.67715294334876,100,1,4
242,Logistics,GitHub Copilot,Large (500-5000),31992,2020,6877,31.63432275498388,9.123689522252608,11846,4,86.93847820928681,92,1,3
243,Marketing,Tableau AI,Large (500-5000),33338,2022,71660,39.62002111315455,8.521976179785472,93384,7,54.14598458443942,67,1,3
244,Retail,Midjourney,Large (500-5000),12339,2022,15207,46.07869197994013,6.897336099213742,21080,6,82.05622475503738,89,1,3
245,Healthcare,ChatGPT,Large (500-5000),25179,2023,6664,52.964467139690385,7.481387419611494,10922,2,96.35677288464726,32,0,3
246,Logistics,Google Bard,Medium (50-500),21942,2024,20458,45.032476809903514,6.541867637820567,47063,1,58.832558467269706,34,1,2
247,Retail,GitHub Copilot,Small (<50),34604,2022,101198,49.16037818862907,2.8347720619223367,315440,2,70.12824236854621,40,0,1
248,Logistics,Midjourney,Small (<50),11431,2023,46956,33.678424684067565,7.130739519389037,130683,2,44.48151990221194,95,1,1
249,Logistics,Google Bard,Enterprise (5000+),45043,2023,28678,37.42773644663938,7.5584215418768235,85853,1,85.87778662226567,47,1,4
250,Marketing,Jasper AI,Medium (50-500),7639,2020,4485,34.66539998631003,4.681007362939658,8711,1,62.762583767774615,38,1,2
251,Finance,ChatGPT,Large (500-5000),8335,2023,154186,41.9321948343555,7.849116603791904,319345,3,75.129050199128,93,1,3
252,Retail,Google Bard,Medium (50-500),28505,2021,10446,17.32623144411152,6.679134983082786,21360,6,49.42467733689364,61,0,2
253,Marketing,Jasper AI,Small (<50),31760,2021,67544,44.69517237049516,7.606900580951993,105402,7,22.51735111033082,32,1,1
254,Retail,GitHub Copilot,Small (<50),29629,2020,14906,39.367276096164616,6.724402028944871,18586,3,72.85694998583246,12,0,1
255,Finance,ChatGPT,Large (500-5000),40471,2022,60174,28.645209808953283,8.976431711340274,151530,1,31.968170882029828,88,1,3
256,Education,Tableau AI,Medium (50-500),8274,2024,105688,11.53593485794524,7.43934323087613,367172,4,58.88731309333231,3,1,2
257,Logistics,Jasper AI,Small (<50),12696,2022,47942,39.097487624685954,8.603624688008011,71931,7,76.43748457645856,28,1,1
258,Technology,Midjourney,Medium (50-500),46494,2022,54558,35.36145083018804,8.727089213262417,66126,4,62.308106539637336,100,1,2
259,Education,Google Bard,Small (<50),24236,2023,19572,32.92243312168,5.420666410867383,58145,2,92.61931618755034,3,0,1
260,Healthcare,Tableau AI,Medium (50-500),6731,2021,13085,33.86612760935348,5.991474694968278,22325,5,83.97730707082397,22,1,2
261,Education,ChatGPT,Small (<50),20619,2024,26002,34.345058893667186,7.7774160240893835,80375,2,44.076168920792114,59,0,1
262,Logistics,GitHub Copilot,Large (500-5000),7383,2023,14648,31.102085337409186,6.551694074362741,40859,2,59.896332888573454,6,1,3
263,Finance,ChatGPT,Small (<50),38685,2023,425340,42.33868206141216,6.742089846115556,1433232,5,57.466009330857375,53,0,1
264,Manufacturing,Tableau AI,Medium (50-500),48905,2023,6695,25.626495953212903,9.029847233255914,13935,6,34.09554559768709,46,0,2
265,Marketing,ChatGPT,Small (<50),28947,2021,73313,35.918010758086645,6.634450432711894,197118,1,42.47950975252577,86,1,1
266,Technology,Midjourney,Small (<50),5666,2023,40971,47.46423262884762,5.646605977627126,90777,4,51.091859604906126,94,1,1
267,Technology,Tableau AI,Medium (50-500),8994,2022,29023,31.873168632167502,5.849299997546607,75849,2,28.260848385286767,21,0,2
268,Technology,DataRobot,Medium (50-500),29994,2024,130074,41.25445001623666,10.0,283436,5,64.63119184426134,62,1,2
269,Retail,GitHub Copilot,Medium (50-500),8296,2021,31509,40.242009018081795,6.832670779422144,48924,3,62.10330096050539,39,1,2
270,Finance,DataRobot,Small (<50),5911,2023,10281,31.729619061265417,5.053628367173134,23841,2,24.33100043395172,21,1,1
271,Technology,ChatGPT,Large (500-5000),31562,2023,31259,38.69836513332852,4.445812107025108,74040,4,75.78957701842415,26,0,3
272,Marketing,DataRobot,Enterprise (5000+),25719,2019,17679,35.1510564596681,6.163045035988829,53840,1,85.76532449444811,3,1,4
273,Marketing,ChatGPT,Large (500-5000),31065,2022,40293,39.615312969777285,6.8052168208589245,115449,2,67.36793376132728,33,1,3
274,Marketing,GitHub Copilot,Small (<50),37695,2024,58436,32.466049064634035,8.52376055964151,157373,2,48.65816102019137,27,1,1
275,Manufacturing,Tableau AI,Medium (50-500),8439,2024,7856,54.17212153516306,8.37851774969265,10779,6,71.40813235210658,71,1,2
276,Manufacturing,ChatGPT,Small (<50),14726,2022,92448,46.5003339152543,7.090480368390747,261579,5,69.25934216103457,42,1,1
277,Technology,ChatGPT,Small (<50),48573,2024,16221,23.491069437935792,6.418747120760616,37320,3,66.79352264546168,68,1,1
278,Education,Tableau AI,Enterprise (5000+),11148,2024,37509,22.175424488984376,7.609402780132535,121748,3,54.313363141101014,98,1,4
279,Technology,Tableau AI,Small (<50),35308,2024,46186,35.906866543259994,4.476880885795418,152768,7,61.40976822435764,2,0,1
280,Technology,Jasper AI,Medium (50-500),23439,2021,34230,36.449507801318774,10.0,42184,1,82.68375050477495,52,0,2
281,Marketing,Jasper AI,Medium (50-500),5782,2024,19323,34.51054690989847,8.081158393784916,59312,7,55.61657394745149,6,1,2
282,Retail,Midjourney,Large (500-5000),48254,2022,12254,49.51161460652313,8.400485329592408,14588,4,100.0,14,0,3
283,Retail,ChatGPT,Medium (50-500),48529,2024,15949,39.10749250560242,5.488769927185084,31598,1,53.000890112192344,20,1,2
284,Healthcare,GitHub Copilot,Small (<50),35742,2023,144091,39.944288766184435,9.023972961944894,346037,2,59.2533097440193,13,1,1
285,Education,ChatGPT,Small (<50),39915,2021,7792,50.07766269618376,6.409974258460557,11340,2,50.77144027486551,49,0,1
286,Healthcare,Google Bard,Medium (50-500),17357,2024,9291,23.82678843828245,5.6711628157721545,26861,3,64.77135986675496,26,1,2
287,Manufacturing,Midjourney,Small (<50),16930,2022,8815,33.777368502296795,7.04124144409067,9873,4,31.586534405385358,58,1,1
288,Manufacturing,GitHub Copilot,Medium (50-500),31832,2024,25923,30.279884998236987,7.006167371017439,39004,5,53.802736518063526,36,1,2
289,Finance,GitHub Copilot,Small (<50),46669,2024,3534,48.18344189556348,5.482194391232005,8813,4,38.86056024779975,77,1,1
290,Education,Google Bard,Small (<50),40118,2023,4340,16.247302705146176,5.757593969687951,12215,2,68.93879175586407,95,1,1
291,Healthcare,ChatGPT,Medium (50-500),23573,2021,16104,18.005154286334665,5.640152337007924,53142,5,77.73313428976454,6,1,2
292,Healthcare,Midjourney,Small (<50),7977,2023,4696,41.481421076884644,5.654427398214763,13116,4,69.56705408936091,99,1,1
293,Marketing,Midjourney,Medium (50-500),45193,2020,5179,41.75489126129866,6.517853139350599,14046,4,16.612837787047937,23,1,2
294,Retail,Jasper AI,Large (500-5000),11881,2019,4739,50.7325432131705,5.0165222957413125,9697,5,100.0,78,0,3
295,Healthcare,ChatGPT,Large (500-5000),28773,2024,7974,31.59758292664251,6.062938253879096,8795,2,77.38260573213066,58,0,3
296,Manufacturing,DataRobot,Small (<50),11926,2021,52970,50.56913479231679,8.667701822576403,73542,4,50.03278381533991,48,1,1
297,Technology,Google Bard,Small (<50),8744,2022,69345,25.510334834249157,8.334964178156275,165244,5,65.50014880127495,55,0,1
298,Finance,Midjourney,Small (<50),33623,2024,220312,50.31162520568253,5.525181138660868,599317,6,61.578555401660566,4,0,1
299,Education,Jasper AI,Medium (50-500),28189,2022,210835,24.492867520778912,8.53730737594135,443149,6,49.90100016240231,54,1,2
300,Healthcare,Google Bard,Large (500-5000),35272,2022,56589,34.31410688082906,4.150341096295926,161484,2,65.54899069467517,85,0,3
301,Healthcare,Tableau AI,Small (<50),12687,2024,75600,42.51866329282615,10.0,177846,5,54.17311942837985,32,1,1
302,Manufacturing,ChatGPT,Enterprise (5000+),18278,2021,25779,23.107184445942096,9.050469788203388,32946,6,65.12841836602499,70,1,4
303,Manufacturing,Midjourney,Small (<50),12340,2024,41103,49.46589970167768,6.2604021317898395,64155,5,45.17110484180003,89,1,1
304,Education,Jasper AI,Medium (50-500),20743,2024,226913,30.599974803733932,7.673639842602665,707059,4,41.19608745164716,34,1,2
305,Technology,GitHub Copilot,Large (500-5000),37957,2024,34387,39.37877579382243,4.998621007836306,97651,2,66.7067629135969,73,0,3
306,Logistics,Tableau AI,Enterprise (5000+),27296,2023,87893,52.03529628440184,7.19066418488872,285426,6,82.75525595996211,89,1,4
307,Manufacturing,Google Bard,Large (500-5000),6620,2022,7178,31.43124914730383,6.824505451246299,9920,7,75.7500173265022,51,1,3
308,Retail,Google Bard,Large (500-5000),6440,2022,9902,51.15933975761516,5.847854915911406,34424,4,83.67468596707512,85,1,3
309,Technology,GitHub Copilot,Small (<50),39932,2024,32031,54.10244618333009,6.397163770511211,51332,7,64.64740316270927,17,1,1
310,Finance,ChatGPT,Large (500-5000),13838,2024,26368,29.40293363051852,6.249518786285859,29750,7,53.05815735876206,77,0,3
311,Manufacturing,Azure OpenAI,Small (<50),42923,2023,10468,52.84497852762867,5.4023949210235465,36573,1,74.3406786777715,78,1,1
312,Healthcare,DataRobot,Enterprise (5000+),31507,2022,395874,17.85090556385466,5.812779131155005,702509,1,49.71127670847126,40,0,4
313,Healthcare,ChatGPT,Medium (50-500),39266,2021,27095,38.90104383252768,4.93723336100043,73244,2,46.700265897213406,90,1,2
314,Logistics,Google Bard,Large (500-5000),36628,2020,12948,23.509476454834243,8.385996148340926,19733,6,51.96974407914885,47,1,3
315,Marketing,DataRobot,Medium (50-500),49851,2024,26421,49.3213485764847,5.701830880315596,65855,6,79.30442060748543,97,0,2
316,Technology,Midjourney,Medium (50-500),46342,2023,22708,48.58827211542881,5.2669686926447685,74247,6,79.89141087471181,89,0,2
317,Retail,Midjourney,Medium (50-500),26536,2024,27594,59.25849439114406,8.362257019723994,51557,5,69.89796290154418,48,0,2
318,Finance,GitHub Copilot,Large (500-5000),30168,2024,3253,55.49318184364396,7.654430531508995,8811,4,88.53568009412646,45,1,3
319,Finance,ChatGPT,Small (<50),25042,2021,103811,32.83239571449098,8.306751583923438,161007,6,43.2673846033702,10,1,1
320,Finance,GitHub Copilot,Small (<50),37856,2023,111145,27.284265104987718,8.474124836294981,288922,4,67.34493318650749,88,0,1
321,Manufacturing,DataRobot,Small (<50),44946,2023,128590,42.6583695318304,10.0,245282,2,60.00999156757665,51,1,1
322,Technology,ChatGPT,Small (<50),29804,2023,32549,38.84049593543896,6.865940349960223,52302,7,76.31873359529261,78,0,1
323,Technology,GitHub Copilot,Enterprise (5000+),5458,2024,48775,53.97334831349825,4.913588481506738,90313,6,69.74531911694137,61,1,4
324,Finance,GitHub Copilot,Small (<50),28871,2024,7789,13.697650250804866,7.506556701143188,11911,2,49.07639123308432,97,0,1
325,Logistics,Midjourney,Enterprise (5000+),28151,2024,59842,61.98976684320084,6.096493065680273,195360,6,80.72799500209712,16,1,4
326,Technology,Google Bard,Small (<50),9084,2022,29796,44.29567214662724,5.663742075026688,61178,1,73.17177380339469,37,1,1
327,Education,GitHub Copilot,Small (<50),6416,2019,12676,26.76051797619301,7.249887758325861,21405,3,45.937594622644895,64,1,1
328,Education,GitHub Copilot,Large (500-5000),31833,2024,62174,45.05644759369663,8.398629099514384,135301,2,64.77703546340648,70,1,3
329,Retail,Tableau AI,Large (500-5000),23301,2020,65129,47.72545799341256,5.846007737605575,121744,6,45.00829187010351,87,1,3
330,Finance,GitHub Copilot,Medium (50-500),41578,2022,23688,30.967901800695657,9.011582130997578,68377,3,12.16288591772512,81,1,2
331,Retail,ChatGPT,Medium (50-500),32013,2019,37274,20.041372791621143,5.615579061495776,127884,2,64.60384422046381,42,1,2
332,Technology,GitHub Copilot,Large (500-5000),46861,2023,6386,36.84259485178232,6.734145168011805,13738,5,78.54043476835585,75,1,3
333,Healthcare,ChatGPT,Small (<50),34416,2021,97911,47.344851244513166,7.679461822671302,310033,6,59.67267142727859,25,1,1
334,Healthcare,ChatGPT,Enterprise (5000+),23322,2023,7490,38.359887710749184,6.518151186973912,18410,5,35.95493578983626,83,0,4
335,Healthcare,Midjourney,Enterprise (5000+),43118,2024,9447,36.992757021379724,4.435996491592194,13956,1,70.38551553155635,50,1,4
336,Healthcare,GitHub Copilot,Large (500-5000),1392,2020,23736,45.603994806639946,8.491111237683207,65451,6,30.138909984837255,19,0,3
337,Marketing,Google Bard,Small (<50),34181,2020,83903,48.6808450780935,6.1648034894659585,195682,7,88.58524446513691,8,1,1
338,Technology,GitHub Copilot,Large (500-5000),41789,2022,83846,43.457051732284334,8.217347674090538,223152,1,48.624401152672625,5,1,3
339,Manufacturing,Midjourney,Small (<50),3302,2024,21899,36.65862224607761,5.203783797458506,70848,3,85.09979443923747,91,1,1
340,Healthcare,Jasper AI,Small (<50),41789,2022,55693,34.004227091775704,5.459845126855382,120132,2,73.85375939491125,70,0,1
341,Manufacturing,ChatGPT,Small (<50),33197,2022,2901,17.128855721162527,8.393650114333035,9465,4,40.85635285328494,61,0,1
342,Manufacturing,Jasper AI,Medium (50-500),12421,2020,9291,30.564949979442662,7.610762139113035,26958,1,34.39245025876817,56,1,2
343,Finance,ChatGPT,Enterprise (5000+),37295,2024,9521,49.48368558554343,6.442121433972985,21637,4,80.86510031708099,17,1,4
344,Manufacturing,Azure OpenAI,Large (500-5000),15432,2023,98978,34.42253792036879,7.632547397256256,252169,4,56.42313927016438,100,1,3
345,Retail,ChatGPT,Large (500-5000),42478,2024,48319,42.53316723871094,5.668941296683462,90907,2,67.18519182280592,91,1,3
346,Education,GitHub Copilot,Medium (50-500),32381,2024,27490,47.14408080347537,7.265388676233363,95132,3,53.547248246283765,83,1,2
347,Education,ChatGPT,Small (<50),5703,2022,30886,35.42996424776818,7.292830885085098,83442,2,24.677562198545715,30,1,1
348,Healthcare,Azure OpenAI,Medium (50-500),33545,2024,144640,36.30507806413685,6.539327592213456,174324,6,23.999536310192212,24,0,2
349,Retail,Midjourney,Enterprise (5000+),14828,2020,17957,26.190042495946326,5.847071441613862,33829,1,78.45511410881247,15,1,4
350,Education,Midjourney,Small (<50),31248,2024,4551,31.323898855641072,7.20537286732219,11814,4,43.66364464440562,80,0,1
351,Manufacturing,ChatGPT,Enterprise (5000+),30884,2023,81197,54.60716989808681,7.017528285048653,100294,2,62.27269888747237,50,1,4
352,Marketing,Tableau AI,Medium (50-500),26725,2024,27397,40.242301879240536,6.401266881620586,31707,2,74.6955337885307,34,0,2
353,Education,ChatGPT,Medium (50-500),27615,2019,69175,59.63670344325836,5.549278294728874,150805,2,84.46214415528407,26,1,2
354,Finance,Google Bard,Large (500-5000),34327,2021,20874,30.289520246687076,7.1187155740032,39628,1,63.47117702051031,22,0,3
355,Healthcare,ChatGPT,Medium (50-500),31184,2022,8051,38.785166915241,6.405016452745091,17325,3,56.30461595930403,18,0,2
356,Education,ChatGPT,Enterprise (5000+),9966,2022,35717,36.126987729856204,5.548013569344599,61806,7,79.69181403583256,24,1,4
357,Healthcare,ChatGPT,Enterprise (5000+),38918,2022,22297,40.80987698765709,7.165294716137167,33341,2,45.93353424274373,58,0,4
358,Education,GitHub Copilot,Medium (50-500),10847,2022,27499,47.43924221922472,9.512458208083078,75730,1,69.9277035908234,82,0,2
359,Logistics,Midjourney,Small (<50),3726,2021,153259,44.55319506298619,6.549758501139383,357855,4,70.19022737318127,59,1,1
360,Education,ChatGPT,Medium (50-500),4491,2023,5893,49.804405592189696,9.346664811863034,9313,6,75.9058943647294,15,0,2
361,Retail,Tableau AI,Enterprise (5000+),24292,2024,31042,32.71710954352855,10.0,57955,7,32.325596191678784,94,0,4
362,Education,GitHub Copilot,Small (<50),6558,2023,8243,32.718696210433166,5.669871646433487,20775,5,44.15986591379961,21,1,1
363,Manufacturing,Midjourney,Medium (50-500),37615,2019,983,17.90116026676955,7.113566312298446,1251,7,49.88726893019513,31,1,2
364,Manufacturing,GitHub Copilot,Medium (50-500),7768,2023,20769,44.12116758645629,10.0,30195,7,64.9110548987376,20,1,2
365,Logistics,GitHub Copilot,Large (500-5000),43678,2019,22861,41.36664044909024,6.918380057886433,29165,1,77.63199684459113,54,1,3
366,Retail,Midjourney,Small (<50),23187,2024,46547,41.00690103462625,7.155218218648099,141947,5,91.24032273501057,57,1,1
367,Logistics,ChatGPT,Large (500-5000),24032,2021,16965,35.272791879606714,4.594991788437662,49296,2,61.20643956100113,78,0,3
368,Marketing,ChatGPT,Enterprise (5000+),40771,2024,3689,36.979679893092104,6.302507149520498,10727,2,62.32317004353338,83,1,4
369,Finance,DataRobot,Small (<50),5552,2024,8209,37.361808009405365,7.933383027003405,23142,7,78.16112882923026,24,1,1
370,Healthcare,Google Bard,Small (<50),25486,2024,106975,31.221322030173624,10.0,289530,1,56.677736105377804,63,1,1
371,Healthcare,GitHub Copilot,Enterprise (5000+),30794,2023,8071,44.39277467233643,6.805989749792464,18117,5,93.31257243396497,34,1,4
372,Healthcare,ChatGPT,Small (<50),22750,2024,147247,42.324451174338506,4.606060516622968,388948,2,63.219066566726504,19,0,1
373,Healthcare,Jasper AI,Enterprise (5000+),24827,2024,77651,27.99577077309028,4.992126213840036,92565,4,51.34299944634725,74,1,4
374,Technology,GitHub Copilot,Medium (50-500),47606,2023,15042,29.773940398087404,7.046315471092554,38981,3,38.54197393307542,34,1,2
375,Healthcare,ChatGPT,Small (<50),16062,2023,9182,30.47052613814565,8.865810197078373,27242,3,30.111624338628893,33,1,1
376,Retail,ChatGPT,Enterprise (5000+),35163,2023,77458,39.68494350888748,8.056030524313092,178220,2,77.57873623413084,62,0,4
377,Marketing,Tableau AI,Medium (50-500),47086,2023,16496,38.95437120335972,7.790383795265189,32299,5,81.57483932811594,55,0,2
378,Healthcare,Jasper AI,Medium (50-500),681,2023,3446,49.25498274666742,9.063716580376393,6085,6,97.71847166735652,18,0,2
379,Marketing,ChatGPT,Medium (50-500),173,2023,43251,23.974872674244367,6.019656368721573,114300,2,83.32361887521641,20,1,2
380,Finance,ChatGPT,Medium (50-500),41434,2022,36341,25.79540575325776,7.1286420799363475,100400,6,83.63851824439287,92,0,2
381,Healthcare,ChatGPT,Small (<50),44012,2021,86270,37.36716487747918,6.319426819696407,275229,6,49.543139232956044,71,0,1
382,Technology,Jasper AI,Medium (50-500),4805,2020,33507,28.72943398714246,6.69281639682189,64387,5,45.04194976946899,100,1,2
383,Education,ChatGPT,Enterprise (5000+),10644,2022,11396,49.42273498397539,5.5905959685117725,33589,6,83.86874617491522,35,0,4
384,Marketing,ChatGPT,Small (<50),4808,2020,101074,49.84081387641034,6.584035892849306,247353,4,67.61869567016554,85,1,1
385,Technology,Tableau AI,Large (500-5000),22430,2023,113594,40.34435102710004,7.058426650631901,365637,5,66.71252841913959,26,1,3
386,Technology,ChatGPT,Small (<50),29310,2022,29139,27.565324832288233,6.542792750207674,68964,2,68.56715996686685,69,1,1
387,Finance,Jasper AI,Large (500-5000),24355,2024,23680,49.53666733648603,6.858407745479297,55465,7,73.27154782810291,75,1,3
388,Finance,ChatGPT,Small (<50),10759,2020,4501,42.43963545939954,7.707560815155779,11193,4,83.00405891930842,75,1,1
389,Technology,ChatGPT,Enterprise (5000+),38605,2022,10625,26.92493198489624,8.958043653596599,30795,1,91.96194473444945,89,1,4
390,Technology,ChatGPT,Medium (50-500),25131,2024,54881,25.25236303249195,9.066733802168896,187432,3,74.9170634209586,86,0,2
391,Logistics,Tableau AI,Small (<50),37497,2023,11285,55.24125646756031,8.242132651095488,14405,2,80.47859046982576,12,0,1
392,Retail,DataRobot,Small (<50),28421,2020,3834,51.2957677612165,5.210027782342526,4709,2,65.22939085736135,92,0,1
393,Retail,DataRobot,Small (<50),33371,2024,1461616,10.280518749102693,6.55938502164522,4896590,2,49.67966780043429,17,1,1
394,Technology,GitHub Copilot,Medium (50-500),21233,2024,3804,26.019039033062352,6.688572453931098,9021,4,77.3129865709408,91,1,2
395,Retail,Jasper AI,Small (<50),7404,2022,330413,44.84730106569466,6.114275253817153,851066,1,36.258307396520735,62,1,1
396,Logistics,ChatGPT,Large (500-5000),14066,2022,15231,40.458785478888146,7.61352676854441,34388,7,84.2914090854575,95,1,3
397,Marketing,GitHub Copilot,Medium (50-500),28390,2024,19900,39.9684172869884,4.708507260077813,26363,5,32.99949621378315,81,0,2
398,Retail,Google Bard,Small (<50),26045,2023,9830,37.61377668573862,9.640349704292436,28933,1,68.22202764479727,8,1,1
399,Technology,ChatGPT,Medium (50-500),30630,2023,56353,42.05523696677427,8.892831007282572,163048,4,50.06874710708157,17,1,2
400,Technology,ChatGPT,Large (500-5000),19887,2024,3913,38.81815933223629,7.8173033928526365,7231,2,71.7321591038797,100,0,3
401,Healthcare,ChatGPT,Small (<50),43414,2022,2420,32.108913366124185,7.006836005119722,4440,3,56.56663955795897,17,1,1
402,Marketing,ChatGPT,Small (<50),30921,2023,152086,43.83727930539439,8.94325894260883,473112,2,34.998940041641994,41,0,1
403,Manufacturing,ChatGPT,Small (<50),32794,2022,8393,40.657943552312396,8.1341074051704,10689,5,70.91598261370622,13,1,1
404,Marketing,Midjourney,Large (500-5000),3201,2024,53922,43.43588907519287,8.759956676327139,173340,6,59.41334608504805,36,1,3
405,Retail,GitHub Copilot,Large (500-5000),33170,2023,5987,41.92432480052182,7.01142187661024,10273,3,82.33230367276106,22,0,3
406,Marketing,Google Bard,Medium (50-500),25010,2023,51539,32.6273547625504,9.78396962879625,130041,2,63.27282465365686,51,1,2
407,Retail,DataRobot,Large (500-5000),39050,2022,166085,55.142613161812875,8.850331813534783,555784,7,73.72480032160631,44,0,3
408,Healthcare,GitHub Copilot,Large (500-5000),49733,2022,11701,39.52195427150656,7.864304443153896,31914,3,53.1484781595327,18,1,3
409,Marketing,ChatGPT,Medium (50-500),3641,2023,2164,31.914187448501806,8.983959380646732,4532,6,49.76449261482216,33,1,2
410,Healthcare,GitHub Copilot,Enterprise (5000+),6182,2024,167134,49.83236054101634,6.471257087249041,460434,1,60.32710558552787,42,0,4
411,Retail,Midjourney,Small (<50),42090,2023,66936,26.409482521941534,5.34874946097946,128888,4,77.45146840487405,7,1,1
412,Logistics,ChatGPT,Small (<50),23571,2019,12477,63.72179199005448,7.582325769571213,22027,2,89.05970321396411,89,1,1
413,Logistics,Jasper AI,Small (<50),24827,2024,16957,33.50484900361416,7.014364331279796,59214,5,48.64231053498965,28,1,1
414,Education,GitHub Copilot,Small (<50),20291,2020,5809,26.775167423600728,6.803423986583556,16857,1,76.36872998289661,21,0,1
415,Education,Midjourney,Medium (50-500),28681,2024,121092,50.626634194563785,8.924468059024104,320570,2,23.78147139992089,26,1,2
416,Manufacturing,GitHub Copilot,Enterprise (5000+),25374,2019,11595,30.378926643143124,7.350708819815945,22641,1,46.737351825806925,67,1,4
417,Finance,GitHub Copilot,Small (<50),41684,2023,4014,36.69705707349259,7.495353610303226,4888,5,41.76407583290876,10,0,1
418,Retail,Google Bard,Small (<50),27435,2020,28463,39.70978783125523,6.609421161868855,33430,2,30.219202779070603,93,0,1
419,Technology,Tableau AI,Medium (50-500),49937,2024,7847,44.796601584745254,8.421684708919289,19068,6,33.032508720958674,54,0,2
420,Technology,ChatGPT,Enterprise (5000+),28612,2023,6399,42.11652846077004,8.152813671961878,18741,6,74.125218823696,62,1,4
421,Technology,DataRobot,Small (<50),23263,2021,13146,30.111128587770466,8.410489515341439,31415,5,57.22855114047227,39,0,1
422,Technology,Midjourney,Medium (50-500),23482,2022,24431,40.98678500976556,6.3541040500457315,76173,3,71.97906517617093,4,1,2
423,Healthcare,Google Bard,Small (<50),49240,2021,4199,33.74250257049292,9.056132690070491,4955,5,66.23772015873419,85,1,1
424,Manufacturing,Tableau AI,Small (<50),8090,2021,116096,40.65753123068633,9.85815263564956,229893,3,67.78276311360732,71,1,1
425,Healthcare,GitHub Copilot,Enterprise (5000+),7109,2024,49641,57.831292840063526,8.363057595987058,82849,2,90.33198254996628,98,1,4
426,Manufacturing,ChatGPT,Enterprise (5000+),25441,2023,14208,46.042217617615165,5.886067569133563,30880,3,69.88643800784817,56,1,4
427,Manufacturing,ChatGPT,Small (<50),31196,2024,7450,35.42308081545679,5.8966965736456975,9489,2,35.71077622982266,2,1,1
428,Marketing,Midjourney,Enterprise (5000+),47694,2023,19789,50.16195538023092,6.536934566610368,67083,2,98.51364702778346,71,0,4
429,Retail,Jasper AI,Medium (50-500),30121,2023,64816,43.36666793634668,6.253434178972219,106026,7,48.43907611503219,46,0,2
430,Healthcare,ChatGPT,Enterprise (5000+),39861,2021,53825,25.35419687374529,6.993361061469103,178351,4,54.21958602288363,99,1,4
431,Finance,ChatGPT,Medium (50-500),22624,2022,78449,37.46767887016947,8.04866369955177,166480,2,60.33634505341661,48,0,2
432,Technology,DataRobot,Medium (50-500),26734,2024,12376,61.21600354042816,7.5349286611247726,42886,3,50.60484631402001,80,1,2
433,Education,Azure OpenAI,Medium (50-500),42001,2024,658,48.61303035775425,7.403433584579433,1598,4,56.565470049570585,27,1,2
434,Healthcare,Midjourney,Large (500-5000),4950,2022,98456,33.72020474350456,6.738195875299781,328252,4,71.69706890077704,15,0,3
435,Healthcare,ChatGPT,Small (<50),28768,2022,18022,31.330410768113744,6.989231109253176,20055,2,62.41659819526642,55,1,1
436,Technology,ChatGPT,Small (<50),36234,2023,48991,27.90678176978402,8.294863261293502,141866,5,41.81359334360026,72,1,1
437,Healthcare,ChatGPT,Small (<50),7798,2024,163255,43.74327768323364,4.082062958750278,533406,5,47.20052120408717,47,1,1
438,Marketing,Google Bard,Large (500-5000),28092,2022,408926,57.048629717944934,7.082914387281902,586943,6,86.48147004521843,32,1,3
439,Technology,ChatGPT,Small (<50),24044,2023,10099,43.758062481745,7.531981392390987,13438,4,66.24261357962948,89,1,1
440,Healthcare,Midjourney,Large (500-5000),35489,2024,25867,44.55198209794885,8.27537460282094,54811,2,99.8690573284045,60,0,3
441,Healthcare,ChatGPT,Enterprise (5000+),11290,2019,113573,37.95960809754312,5.584931091074263,379428,7,96.00774449247221,96,1,4
442,Logistics,Midjourney,Small (<50),18062,2019,7997,43.00937010540403,5.505635476320322,19206,5,78.10425766379178,30,1,1
443,Retail,Jasper AI,Large (500-5000),16541,2023,10954,25.53087615056835,7.975932492317201,25916,7,38.213955676869624,97,1,3
444,Retail,DataRobot,Medium (50-500),22814,2024,10876,20.079050866778463,4.243321639614626,15647,2,76.24470892593898,18,0,2
445,Marketing,ChatGPT,Enterprise (5000+),28913,2022,21296,54.905635741228274,9.098283666141178,23465,2,70.24919226735858,15,0,4
446,Logistics,ChatGPT,Small (<50),44867,2023,16913,24.518312400315068,7.439887987239215,51488,4,43.84292735957441,37,1,1
447,Logistics,ChatGPT,Large (500-5000),10152,2023,10801,35.40455913295123,9.438081819265154,14151,7,71.01921913096281,59,1,3
448,Technology,Google Bard,Large (500-5000),49527,2023,6912,46.694424743833295,5.46939143514573,18118,6,80.8723349169359,25,0,3
449,Retail,DataRobot,Enterprise (5000+),48365,2023,58356,55.11687695330776,6.445460796922639,192287,4,85.14805506564818,64,1,4
450,Healthcare,Midjourney,Large (500-5000),9876,2023,109688,38.48520949099718,3.4881975096096713,175584,1,52.75935311207313,92,1,3
451,Technology,Jasper AI,Medium (50-500),4541,2023,130516,27.337574194542597,5.906465355507086,351956,7,75.16456047433921,26,1,2
452,Education,Jasper AI,Medium (50-500),45464,2023,12366,32.37972364283658,6.824229678917181,15938,5,49.2879209316806,60,0,2
453,Retail,ChatGPT,Enterprise (5000+),38108,2023,61357,32.40295490254915,4.155938629987345,156399,5,74.58539301866628,33,0,4
454,Marketing,Google Bard,Medium (50-500),38288,2023,29248,36.52460037681101,6.508059781702401,43680,5,59.378071010161456,83,0,2
455,Healthcare,GitHub Copilot,Small (<50),28148,2024,11105,48.56743347514683,4.118989734709633,31830,3,54.98392508300314,19,1,1
456,Manufacturing,GitHub Copilot,Enterprise (5000+),27075,2020,53160,15.247248608698948,6.7138097226328615,96908,2,84.1408971293186,38,1,4
457,Healthcare,Midjourney,Large (500-5000),29966,2024,10509,31.15384528709022,8.820667890662355,23247,4,48.45162391576753,27,1,3
458,Manufacturing,ChatGPT,Large (500-5000),41742,2024,14024,38.15950363612981,7.047530374828815,35601,5,100.0,10,1,3
459,Healthcare,ChatGPT,Small (<50),39271,2022,4221,19.211011496869094,9.587311058917704,6378,1,25.19083297216995,100,1,1
460,Healthcare,Tableau AI,Large (500-5000),10769,2023,12618,41.35259809520079,8.279438845091914,36338,5,49.98460438469756,65,1,3
461,Healthcare,ChatGPT,Medium (50-500),5449,2023,29870,24.737990187965785,9.122221772910457,54552,6,72.58499271150843,73,1,2
462,Education,Jasper AI,Large (500-5000),47251,2022,144743,26.763164457556883,5.952582138682574,389314,2,78.41404833680087,21,0,3
463,Technology,ChatGPT,Small (<50),42543,2023,14411,44.74135256484749,5.9162875574110965,21326,7,54.871069497609014,55,0,1
464,Education,GitHub Copilot,Large (500-5000),28280,2020,6337,53.75518953313238,7.618420124578052,17436,2,71.66317229003795,87,1,3
465,Logistics,GitHub Copilot,Enterprise (5000+),13289,2022,132832,39.036674960441545,4.733446862550711,186981,7,78.65095097707426,84,1,4
466,Retail,GitHub Copilot,Small (<50),39289,2024,12022,23.585886613582765,7.806715624643135,25496,7,51.73231868983616,31,0,1
467,Finance,Tableau AI,Enterprise (5000+),44261,2022,2702,35.74158031830345,6.614120275179605,4575,4,98.64747490723968,54,1,4
468,Marketing,GitHub Copilot,Medium (50-500),23898,2024,25840,49.975383778304945,9.094995256319985,74835,3,79.30242870569663,93,1,2
469,Finance,Midjourney,Enterprise (5000+),17640,2023,14917,42.348569147817045,8.119268381119115,25789,7,87.89457827455408,100,0,4
470,Logistics,GitHub Copilot,Large (500-5000),35154,2024,348179,34.239399055987434,8.74505964551019,1119785,7,48.33191216537773,64,0,3
471,Healthcare,Jasper AI,Medium (50-500),31192,2023,38965,40.56887142893618,5.968690877907429,126260,4,62.922495532031455,12,0,2
472,Logistics,Google Bard,Large (500-5000),25548,2019,18478,36.7443512726002,8.672315403142592,29037,5,60.806338052364055,32,1,3
473,Healthcare,Tableau AI,Enterprise (5000+),11834,2023,7263,51.64217291547124,9.267068741546424,18689,6,54.56699959252714,50,0,4
474,Marketing,ChatGPT,Medium (50-500),32135,2020,32735,30.07378564541277,7.041929264929489,42899,1,63.76812194899188,95,1,2
475,Manufacturing,ChatGPT,Small (<50),6989,2023,126506,26.563522227301725,5.9909740709502675,258032,4,48.020755971025736,88,1,1
476,Logistics,ChatGPT,Large (500-5000),26199,2024,32021,26.760024953922766,6.017319198148385,90042,3,83.96373423072885,20,1,3
477,Healthcare,Midjourney,Large (500-5000),42610,2021,7967,29.415426067998265,8.958519488023947,21372,4,45.435349501701126,13,0,3
478,Education,ChatGPT,Large (500-5000),12514,2022,42048,31.499927674139435,10.0,109294,2,96.13121613867321,16,1,3
479,Logistics,Midjourney,Large (500-5000),20679,2024,20778,37.60907430602618,5.627532394737167,36945,5,49.522128129992964,32,1,3
480,Manufacturing,Midjourney,Medium (50-500),6920,2024,37734,37.70492720454272,5.51221992493616,75741,5,63.30302366194192,44,1,2
481,Education,GitHub Copilot,Large (500-5000),46867,2023,14389,28.403538788065305,8.482121271011717,19383,7,74.62862525830045,38,1,3
482,Technology,Tableau AI,Small (<50),34974,2022,13989,41.0969005494038,5.969129705950033,39528,5,48.03671306082713,80,0,1
483,Manufacturing,ChatGPT,Medium (50-500),20141,2023,13341,54.98093074940445,8.627533076342404,30808,5,78.75201385403808,30,1,2
484,Education,ChatGPT,Small (<50),25237,2022,68233,37.085960491806716,7.798019260289968,191123,5,36.717180033976554,27,1,1
485,Education,Tableau AI,Small (<50),5988,2024,14159,15.270540605361628,7.064034046253054,24034,5,84.70348289944243,3,1,1
486,Marketing,Midjourney,Medium (50-500),22001,2024,12686,57.37888111399128,7.761907301782531,23832,1,63.38380938193481,85,1,2
487,Healthcare,Jasper AI,Medium (50-500),17163,2024,7111,43.76920255139246,7.670297553730091,13525,3,55.33311907121245,16,1,2
488,Finance,GitHub Copilot,Large (500-5000),33558,2024,37980,56.72069096266229,6.830590253320736,44124,7,61.04338953851853,5,0,3
489,Logistics,ChatGPT,Medium (50-500),42686,2019,32017,50.28298072916941,4.465458452542258,61425,5,75.83829911780714,87,1,2
490,Marketing,DataRobot,Medium (50-500),39081,2024,12854,48.650618432509766,7.367976092883552,38921,7,51.63642829202785,51,1,2
491,Manufacturing,Tableau AI,Small (<50),47464,2024,9402,37.1401092164599,9.459590549096246,30589,3,47.24960186966033,39,1,1
492,Education,Jasper AI,Medium (50-500),3993,2020,209275,34.86430315997004,4.686847005193215,490482,6,63.24842187912246,24,0,2
493,Finance,ChatGPT,Small (<50),9513,2024,2306,37.12434949021656,5.651322469791582,5057,5,35.93025075263304,60,1,1
494,Finance,Midjourney,Small (<50),29931,2022,39807,34.7221379531405,7.740240462149016,46732,7,92.06659170403934,91,1,1
495,Manufacturing,GitHub Copilot,Medium (50-500),16915,2023,103744,40.41180396159375,7.1578877940984205,333027,4,53.81996968394286,76,0,2
496,Retail,ChatGPT,Large (500-5000),45848,2024,378,13.580842646152012,7.716773239376433,427,7,78.9913681310608,29,1,3
497,Education,Google Bard,Medium (50-500),23963,2023,57123,38.45407940323893,6.051022688258507,192356,5,66.83171300729866,67,1,2
498,Healthcare,ChatGPT,Medium (50-500),26816,2020,16910,47.57896602891608,8.843687429888458,38455,2,40.88136551929829,9,1,2
499,Logistics,Azure OpenAI,Medium (50-500),45010,2023,29949,37.580935437732556,7.170350848535316,57521,1,57.585664322952674,30,1,2
500,Logistics,GitHub Copilot,Enterprise (5000+),22178,2023,14944,58.206670768000414,8.145478283514585,49586,4,86.21228925127024,12,1,4
